{"cameraMode":{"drawMode":0,"name":"Shaded","section":"Shading Mode"},"sceneLighting":true,"audioPlay":false,"sceneViewState":{"m_AlwaysRefresh":false,"showFog":true,"showSkybox":true,"showFlares":true,"showImageEffects":true,"showParticleSystems":true,"showVisualEffectGraphs":true,"m_FxEnabled":true},"in2DMode":false,"pivot":{"x":3.4861340522766115,"y":2.2466869354248049,"z":10.552494049072266},"rotation":{"x":0.025184158235788347,"y":-0.01589750312268734,"z":-0.00040067010559141636,"w":-0.9995585680007935},"size":31.497940063476564,"orthographic":false}